{"1": 0.2756429279572102, "3": 0.30447503908020557, "5": 0.30616008036778175, "7": 0.3035437585915903, "10": 0.2993322155410306}